Stage,Date,Team1,Team2,T1score,T2score,T1goalsH1,T2goalsH1,T1goalsH2,T2goalsH2,T1cardsYel,T2cardsYel,T1cardsRed,T2cardsRed,T1corners1H,T2corners1H,T1corners2H,T2corners2H,T1cornersTotal,T2cornersTotal,CornersTotal,T1xG,T2xG,T1shots,T2shots,T1shotsOnTarget,T2shotsOnTarget,T1fouls,T2fouls
Group Stage,11/06/2026,Mexico,South Africa,2,0,1,0,1,0,1,2,1,2,2,1,1,0,3,1,4,1.46,0.07,16,3,4,2,12,11
Group Stage,12/06/2026,South Korea,Czech Republic,2,1,0,0,2,1,1,0,0,0,3,3,1,2,4,5,9,2.30,0.83,15,7,6,4,9,16
Group Stage,12/06/2026,Canada,Bosnia & Herzegovina,1,1,0,1,1,0,2,3,0,0,9,1,0,3,9,4,13,1.25,0.98,13,8,4,3,10,20
Group Stage,13/06/2026,USA,Paraguay,4,1,3,0,1,1,1,5,0,0,2,0,1,1,3,1,4,1.42,0.54,16,9,6,1,13,17
Group Stage,13/06/2026,Qatar,Switzerland,1,1,0,1,1,0,2,1,0,0,3,4,0,6,3,10,13,0.60,3.20,6,26,3,7,12,11
Group Stage,13/06/2026,Brazil,Morocco,1,1,1,1,0,0,2,0,0,0,2,0,4,2,6,2,8,1.26,1.37,12,14,5,3,16,14
Group Stage,14/06/2026,Haiti,Scotland,0,1,0,1,0,0,1,3,0,0,0,0,4,3,4,3,7,1.05,1.05,15,9,2,2,23,21
Group Stage,14/06/2026,Australia,Turkey,2,0,1,0,1,0,0,1,0,0,2,2,3,6,5,8,13,1.18,1.36,9,30,4,8,12,4
Group Stage,14/06/2026,Germany,Curacao,7,1,3,1,4,0,0,0,0,0,6,0,2,1,8,1,9,4.22,0.41,26,8,12,2,18,11
Group Stage,14/06/2026,Netherlands,Japan,2,2,0,0,2,2,3,0,0,0,3,1,2,3,5,4,9,0.78,0.59,10,10,6,3,7,7
Group Stage,15/06/2026,Ivory Coast,Ecuador,1,0,0,0,1,0,3,1,0,0,2,0,1,5,3,5,8,1.52,1.01,15,12,4,1,10,13
Group Stage,15/06/2026,Sweden,Tunisia,5,1,2,1,3,0,0,1,0,0,2,0,2,2,4,2,6,1.33,0.28,13,6,7,2,10,8
Group Stage,15/06/2026,Spain,Cape Verde,0,0,0,0,0,0,1,1,0,0,4,0,7,1,11,1,12,2.10,0.20,27,6,7,1,10,1
Group Stage,15/06/2026,Belgium,Egypt,1,1,0,1,1,0,2,2,0,0,0,4,2,3,2,7,9,1.35,1.08,15,14,3,3,15,15
Group Stage,15/06/2026,Saudi Arabia,Uruguay,1,1,1,0,0,1,1,0,0,0,4,2,0,12,4,14,18,0.66,1.72,7,27,3,10,11,6
Group Stage,16/06/2026,Iran,New Zealand,2,2,1,1,1,1,1,0,0,0,0,1,4,0,4,1,5,1.50,1.24,17,14,4,8,10,8
Group Stage,16/06/2026,France,Senegal,3,1,0,0,3,1,0,0,0,0,3,2,3,2,6,4,10,1.79,0.53,11,6,8,2,5,9
Group Stage,16/06/2026,Iraq,Norway,1,4,1,2,0,2,1,0,0,0,2,2,0,3,2,5,7,0.80,2.52,11,12,1,5,12,13
Group Stage,17/06/2026,Argentina,Algeria,3,0,1,0,2,0,0,0,0,0,0,2,2,0,2,2,4,1.26,0.32,10,7,6,0,13,8
Group Stage,17/06/2026,Austria,Jordan,3,1,1,0,2,1,1,0,0,0,1,3,3,0,4,3,7,1.66,0.53,11,11,4,4,12,7
Group Stage,17/06/2026,Portugal,D.R. Congo,1,1,1,1,0,0,3,1,0,0,1,3,4,1,5,4,9,0.65,0.87,7,8,1,2,9,10
Group Stage,17/06/2026,England,Croatia,4,2,2,2,2,0,0,0,0,0,3,1,5,1,8,2,10,3.20,0.70,22,10,11,5,10,12
Group Stage,18/06/2026,Ghana,Panama,1,0,0,0,1,0,1,2,0,0,0,0,2,2,2,2,4,1.31,0.73,8,11,2,4,9,11
Group Stage,18/06/2026,Uzbekistan,Colombia,1,3,0,1,1,2,1,1,0,0,1,2,2,2,3,4,7,1.16,1.61,8,15,2,4,14,11
Group Stage,18/06/2026,Czech Republic,South Africa,1,1,1,0,0,1,1,2,0,0,2,3,3,2,5,5,10,1.02,1.38,14,17,3,4,12,10
Group Stage,18/06/2026,Switzerland,Bosnia & Herzegovina,4,1,0,0,4,1,1,2,0,1,4,2,3,1,7,3,10,2.06,0.23,13,5,7,3,7,18
Group Stage,18/06/2026,Canada,Qatar,6,0,3,0,3,0,1,1,0,2,5,1,14,0,19,1,20,4.60,0.22,32,2,10,0,9,10
Group Stage,19/06/2026,Mexico,South Korea,1,0,0,0,1,0,0,2,0,0,0,0,0,2,0,2,2,0.53,0.91,8,9,4,2,9,7
Group Stage,19/06/2026,USA,Australia,2,0,2,0,0,0,3,4,0,0,3,2,4,2,7,4,11,1.08,0.35,10,5,2,2,12,16
Group Stage,19/06/2026,Scotland,Morocco,0,1,0,1,0,0,1,1,0,0,0,3,2,2,2,5,7,0.51,0.99,6,12,0,2,11,8
Group Stage,20/06/2026,Brazil,Haiti,3,0,3,0,0,0,1,3,0,0,4,1,0,3,4,4,8,1.75,0.23,8,7,5,3,13,14
Group Stage,20/06/2026,Turkey,Paraguay,0,1,0,1,0,0,1,1,0,1,5,0,7,0,12,0,12,2.17,0.32,32,7,5,2,14,15
Group Stage,20/06/2026,Netherlands,Sweden,5,1,2,0,3,1,0,3,0,0,1,2,1,3,2,5,7,2.61,1.01,10,16,7,8,9,12
Group Stage,20/06/2026,Germany,Ivory Coast,2,1,0,1,2,0,0,0,0,0,3,1,5,2,8,3,11,1.89,1.22,16,9,7,2,5,7
Group Stage,21/06/2026,Ecuador,Curacao,0,0,0,0,0,0,1,5,0,0,1,0,8,0,9,0,9,2.84,0.50,27,10,15,3,7,10
Group Stage,21/06/2026,Tunisia,Japan,0,4,0,2,0,2,0,0,0,0,1,2,2,3,3,5,8,0.05,2.13,2,11,0,5,8,15
Group Stage,21/06/2026,Spain,Saudi Arabia,4,0,3,0,1,0,0,2,0,0,4,1,2,0,6,1,7,2.30,0.14,22,3,8,1,10,2
Group Stage,21/06/2026,Belgium,Iran,0,0,0,0,0,0,1,1,1,0,2,1,2,1,4,2,6,1.79,0.62,23,7,7,3,7,9
Group Stage,21/06/2026,Uruguay,Cape Verde,2,2,2,1,0,1,2,2,0,0,4,1,7,3,11,4,15,2.32,0.88,17,12,2,4,11,4
Group Stage,22/06/2026,New Zealand,Egypt,1,3,1,0,0,3,2,1,0,0,1,1,3,2,4,3,7,1.24,1.87,11,19,5,7,14,8
Group Stage,22/06/2026,Argentina,Austria,2,0,1,0,1,0,2,2,0,0,0,2,1,1,1,3,4,2.36,0.53,12,6,5,1,13,13
Group Stage,22/06/2026,France,Iraq,3,0,1,0,2,0,0,1,0,0,1,1,3,1,4,2,6,2.67,0.63,19,4,5,0,8,4
Group Stage,23/06/2026,Norway,Senegal,3,2,1,0,2,2,0,0,0,0,4,1,1,3,5,4,9,2.20,1.72,13,16,7,4,13,5
Group Stage,23/06/2026,Jordan,Algeria,1,2,1,0,0,2,1,1,0,0,0,3,1,7,1,10,11,0.63,1.89,8,17,4,8,11,6
Group Stage,23/06/2026,Portugal,Uzbekistan,5,0,3,0,2,0,1,1,0,0,1,0,2,2,3,2,5,2.61,0.24,17,7,9,2,14,15
Group Stage,23/06/2026,England,Ghana,0,0,0,0,0,0,1,1,0,0,3,1,6,1,9,2,11,1.36,0.17,19,2,3,1,14,24
Group Stage,24/06/2026,Panama,Croatia,0,1,0,0,0,1,1,1,0,0,0,1,7,1,7,2,9,0.55,1.65,8,6,1,2,19,12
Group Stage,24/06/2026,Colombia,D.R. Congo,1,0,0,0,1,0,2,1,0,0,2,2,3,2,5,4,9,0.98,0.37,20,7,9,1,12,16
Group Stage,24/06/2026,Bosnia & Herzegovina,Qatar,3,1,2,1,1,0,1,1,0,0,4,1,1,4,5,5,10,0.68,0.77,14,9,5,3,9,14
Group Stage,24/06/2026,Switzerland,Canada,2,1,0,0,2,1,1,2,0,0,2,1,0,6,2,7,9,1.11,1.66,6,13,4,7,19,13
Group Stage,24/06/2026,Morocco,Haiti,4,2,2,2,2,0,0,3,0,0,3,0,6,1,9,1,10,3.76,0.67,22,9,11,2,10,18
Group Stage,24/06/2026,Scotland,Brazil,0,3,0,2,0,1,1,2,0,0,3,3,4,3,7,6,13,1.04,4.33,14,21,5,9,10,11
Group Stage,25/06/2026,Czech Republic,Mexico,0,3,0,0,0,3,0,1,0,0,0,0,5,1,5,1,6,0.53,1.74,13,11,1,5,9,13
Group Stage,25/06/2026,South Africa,South Korea,1,0,0,0,1,0,1,1,0,0,4,2,0,4,4,6,10,1.16,0.90,13,8,4,3,7,9
Group Stage,25/06/2026,Curacao,Ivory Coast,0,2,0,1,0,1,2,1,0,0,3,2,1,4,4,6,10,0.50,1.31,11,7,2,3,11,6
Group Stage,25/06/2026,Ecuador,Germany,2,1,1,1,1,0,3,1,0,0,1,1,2,1,3,2,5,1.27,0.65,7,11,3,3,15,10
Group Stage,26/06/2026,Japan,Sweden,1,1,0,0,1,1,1,2,0,0,1,3,1,5,2,8,10,1.21,0.64,8,11,3,5,20,11
Group Stage,26/06/2026,Tunisia,Netherlands,1,3,0,2,1,1,0,0,0,0,1,3,3,3,4,6,10,0.62,1.85,10,20,4,7,11,10
Group Stage,26/06/2026,Paraguay,Australia,0,0,0,0,0,0,1,1,0,0,0,3,1,0,1,3,4,0.24,0.55,7,12,2,5,9,6
Group Stage,26/06/2026,Turkey,USA,3,2,2,1,1,1,0,1,0,0,2,5,0,4,2,9,11,3.01,2.13,9,18,3,7,13,13
Group Stage,26/06/2026,Norway,France,1,4,1,3,0,1,1,1,0,0,1,3,3,2,4,5,9,1.70,1.50,10,18,4,9,9,11
Group Stage,26/06/2026,Senegal,Iraq,5,0,1,0,4,0,2,2,0,1,6,3,6,0,12,3,15,3.01,1.04,28,6,12,1,10,11
Group Stage,27/06/2026,Cape Verde,Saudi Arabia,0,0,0,0,0,0,1,3,0,0,2,0,2,2,4,2,6,1.39,0.39,15,7,2,3,10,16
Group Stage,27/06/2026,Uruguay,Spain,0,1,0,1,0,0,3,1,1,0,0,5,1,1,1,6,7,0.20,0.86,5,6,1,1,14,14
Group Stage,27/06/2026,Egypt,Iran,1,1,1,1,0,0,3,4,0,0,4,0,4,2,8,2,10,0.84,1.97,15,13,3,4,11,16
Group Stage,27/06/2026,New Zealand,Belgium,1,5,0,1,1,4,2,0,0,0,1,4,4,4,5,8,13,0.25,3.69,6,35,2,10,10,7
Group Stage,27/06/2026,Croatia,Ghana,2,1,1,0,1,1,1,1,0,0,0,0,3,2,3,2,5,0.42,0.74,8,6,4,1,9,13
Group Stage,27/06/2026,Panama,England,0,2,0,0,0,2,2,1,0,0,1,5,2,2,3,7,10,0.58,1.49,13,17,2,6,16,13
Group Stage,28/06/2026,Colombia,Portugal,0,0,0,0,0,0,1,0,0,0,1,0,4,2,5,2,7,1.70,0.93,24,13,6,2,12,6
Group Stage,28/06/2026,D.R. Congo,Uzbekistan,3,1,0,1,3,0,3,2,0,0,1,3,1,1,2,4,6,2.18,0.20,19,3,4,1,6,16
Group Stage,28/06/2026,Algeria,Austria,3,3,1,1,2,2,0,1,0,0,0,2,0,1,0,3,3,1.67,1.49,12,10,5,3,3,7
Group Stage,28/06/2026,Jordan,Argentina,1,3,0,2,1,1,3,0,0,0,1,2,1,4,2,6,8,0.76,2.13,5,12,1,4,13,7
Round of 32,28/06/2026,South Africa,Canada,0,1,0,0,0,1,0,2,0,0,1,3,0,1,1,4,5,0.14,1.38,6,12,1,7,10,16
Round of 32,29/06/2026,Brazil,Japan,2,1,0,1,2,0,2,3,0,0,2,2,4,0,6,2,8,2.07,0.33,19,5,7,2,4,13
Round of 32,29/06/2026,Germany,Paraguay,1,1p,0,1,1,0,2,2,0,0,6,2,4,2,16,6,22,1.57,0.35,21,7,6,3,18,12
Round of 32,29/06/2026,Netherlands,Morocco,1,1p,0,0,1,1,0,1,0,0,4,2,1,5,5,8,13,0.24,1.38,6,11,2,5,18,15
Round of 32,30/06/2026,Ivory Coast,Norway,1,2,0,1,1,1,0,1,0,0,9,2,5,1,14,3,17,1.49,1.90,14,9,5,4,6,7
Round of 32,30/06/2026,France,Sweden,3,0,1,0,2,0,0,0,0,0,6,0,3,1,9,1,10,3.24,0.70,25,8,12,3,14,10
Round of 32,30/06/2026,Mexico,Ecuador,2,0,2,0,0,0,0,3,0,1,1,5,2,3,3,8,11,1.05,0.75,15,7,3,1,10,14
Round of 32,01/07/2026,England,D.R. Congo,2,1,0,1,2,0,1,1,0,0,2,1,3,2,5,3,8,2.16,0.77,16,7,7,2,10,12
Round of 32,01/07/2026,Belgium,Senegal,3,2,0,1,2,1,1,1,0,0,2,1,2,0,4,2,6,1.74,3.58,19,19,5,5,22,12
Round of 32,01/07/2026,USA,Bosnia & Herzegovina,2,0,1,0,1,0,0,1,1,0,3,2,1,1,4,3,7,0.88,0.25,8,10,2,3,7,13
Round of 32,02/07/2026,Spain,Austria,3,0,1,0,2,0,0,1,0,0,6,0,3,0,9,0,9,2.80,0.32,23,5,10,0,8,15
Round of 32,02/07/2026,Portugal,Croatia,2,1,0,0,2,1,1,2,0,0,6,0,3,5,9,5,14,2.20,1.34,15,13,3,6,6,12
Round of 32,02/07/2026,Switzerland,Algeria,2,0,1,0,1,0,0,2,0,0,2,1,2,1,4,2,6,2.52,0.73,11,8,5,2,10,12
Round of 32,03/07/2026,Australia,Egypt,1,1p,0,1,1,0,0,2,0,0,3,0,1,3,4,7,11,0.84,1.32,16,14,1,3,12,14
Round of 32,03/07/2026,Argentina,Cape Verde,3,2,1,0,0,1,1,1,0,0,0,0,5,2,8,8,16,2.26,0.47,22,16,10,5,13,12
Round of 32,03/07/2026,Colombia,Ghana,1,0,1,0,0,0,2,3,0,0,1,2,2,0,3,2,5,2.04,0.27,20,8,8,0,14,10
Round of 16,04/07/2026,Canada,Morocco,0,3,0,0,0,3,4,4,0,0,5,0,6,1,11,1,12,0.84,0.82,10,5,3,4,24,14
Round of 16,04/07/2026,Paraguay,France,0,1,0,0,0,1,0,3,0,0,0,7,2,5,2,12,14,0.13,1.45,5,15,0,5,13,11
Round of 16,05/07/2026,Brazil,Norway,1,2,0,0,1,2,1,0,0,0,1,3,4,2,5,5,10,2.61,1.05,14,9,4,5,7,6
Round of 16,05/07/2026,Mexico,England,2,3,1,2,1,1,2,3,0,1,4,2,8,0,12,2,14,1.88,1.61,20,6,5,5,14,7
Round of 16,06/07/2026,Portugal,Spain,0,1,0,0,0,1,2,1,0,0,3,2,0,5,3,7,10,0.63,1.69,10,15,2,6,9,13
Round of 16,06/07/2026,USA,Belgium,1,4,1,2,0,2,2,0,0,0,1,3,2,2,3,5,8,0.63,2.01,7,15,2,7,11,9
Round of 16,07/07/2026,Argentina,Egypt,3,2,0,1,3,1,0,3,0,0,1,1,5,0,6,1,7,2.84,0.89,19,5,7,2,13,11
Round of 16,07/07/2026,Switzerland,Colombia,p0,0,0,0,0,0,3,2,0,0,1,4,2,0,3,7,10,0.39,1.09,7,15,2,3,22,21
Quarter Finals,09/07/2026,France,Morocco,2,0,0,0,2,0,0,1,0,0,3,1,2,4,5,5,10,3.69,0.14,22,5,8,1,10,13
Quarter Finals,10/07/2026,Spain,Belgium,2,1,1,1,1,0,2,2,0,0,3,0,2,1,5,1,6,2.10,0.37,17,5,8,2,13,18
Quarter Finals,11/07/2026,Norway,England,1,2,1,1,0,0,1,0,0,0,0,2,5,1,7,4,11,0.68,1.04,13,14,4,8,10,8
Quarter Finals,11/07/2026,Argentina,Switzerland,3,1,1,0,0,1,3,2,0,1,2,1,3,1,8,2,10,1.94,0.47,22,11,7,5,14,18
Semi Finals,14/07/2026,France,Spain,0,2,0,1,0,1,2,1,0,0,3,1,4,0,7,1,8,0.30,1.63,10,10,3,2,11,12
Semi Finals,15/07/2026,England,Argentina,1,2,0,0,1,2,1,3,0,0,1,1,0,5,1,6,7,0.53,1.84,5,15,2,5,11,15
Third place, 18/07/2026, France, England,4,6,0,4,4,2,0,0,0,0,2,3,1,1,3,4,7,2.88,2.88,19,19,9,11,14,8
Final,19/07/2026,Spain,Argentina,1,0,0,0,0,0,0,5,0,1,2,0,7,1,9,4,13,2.29,0.22,20,2,12,0,21,25